filename,expected_contract_number,predicted_contract_number,correct_contract_number,expected_contract_date,predicted_contract_date,correct_contract_date,expected_customer,predicted_customer,correct_customer,expected_contractor,predicted_contractor,correct_contractor,expected_amount_rub,predicted_amount_rub,correct_amount_rub,all_fields_correct
contract_01.docx,101/26,101/26,True,2026-01-15,2026-01-15,True,ООО «Сибирские решения»,ООО «Сибирские решения»,True,ИП Иванов Иван Иванович,ИП Иванов Иван Иванович,True,75000,75000,True,True
contract_02.pdf,УС-2026-002,УС-2026-002,True,2026-01-26,2026-01-26,True,АО «Вектор»,АО «Вектор»,True,ИП Петрова Анна Сергеевна,ИП Петрова Анна Сергеевна,True,98500,98500,True,True
contract_03.docx,П-03.02,П-03.02,True,2026-02-06,2026-02-06,True,ООО «Альфа-Трейд»,ООО «Альфа-Трейд»,True,ИП Соколов Максим Олегович,ИП Соколов Максим Олегович,True,120000,120000,True,True
contract_04.pdf,503-А,503-А,True,2026-02-17,2026-02-17,True,ООО «Новые технологии»,ООО «Новые технологии»,True,ООО «ТехноСервис»,ООО «ТехноСервис»,True,145300,145300,True,True
contract_05.docx,105/26,105/26,True,2026-02-28,2026-02-28,True,АО «Городские системы»,АО «Городские системы»,True,ООО «ПрофКонсалт»,ООО «ПрофКонсалт»,True,180000,180000,True,True
contract_06.pdf,УС-2026-006,УС-2026-006,True,2026-03-11,2026-03-11,True,ООО «Логистик Плюс»,ООО «Логистик Плюс»,True,ООО «Деловые линии Сибири»,ООО «Деловые линии Сибири»,True,215750,215750,True,True
contract_07.docx,П-07.03,П-07.03,True,2026-03-22,2026-03-22,True,ООО «РегионСтрой»,ООО «РегионСтрой»,True,ООО «СтройКомплект»,ООО «СтройКомплект»,True,248500,248500,True,True
contract_08.pdf,507-А,507-А,True,2026-04-02,2026-04-02,True,АО «Промресурс»,АО «Промресурс»,True,ООО «Контур»,ООО «Контур»,True,310000,310000,True,True
contract_09.docx,109/26,109/26,True,2026-04-13,2026-04-13,True,ООО «Континент»,ООО «Континент»,True,ООО «МастерГрупп»,ООО «МастерГрупп»,True,425600,425600,True,True
contract_10.pdf,УС-2026-010,УС-2026-010,True,2026-04-24,2026-04-24,True,ООО «Северный проект»,ООО «Северный проект»,True,ООО «ИнфоПроект»,ООО «ИнфоПроект»,True,590000,590000,True,True
contract_11.docx,П-11.05,П-11.05,True,2026-05-05,2026-05-05,True,ООО «Сибирские решения»,ООО «Сибирские решения»,True,ИП Иванов Иван Иванович,ИП Иванов Иван Иванович,True,675250,675250,True,True
contract_12.pdf,511-А,511-А,True,2026-05-16,2026-05-16,True,АО «Вектор»,АО «Вектор»,True,ИП Петрова Анна Сергеевна,ИП Петрова Анна Сергеевна,True,810000,810000,True,True
contract_13.docx,113/26,113/26,True,2026-05-27,2026-05-27,True,ООО «Альфа-Трейд»,ООО «Альфа-Трейд»,True,ИП Соколов Максим Олегович,ИП Соколов Максим Олегович,True,950400,950400,True,True
contract_14.pdf,УС-2026-014,УС-2026-014,True,2026-06-07,2026-06-07,True,ООО «Новые технологии»,ООО «Новые технологии»,True,ООО «ТехноСервис»,ООО «ТехноСервис»,True,1125000,1125000,True,True
contract_15.docx,П-15.06,П-15.06,True,2026-06-18,2026-06-18,True,АО «Городские системы»,АО «Городские системы»,True,ООО «ПрофКонсалт»,ООО «ПрофКонсалт»,True,1480500,1480500,True,True
contract_16.pdf,515-А,515-А,True,2026-06-29,2026-06-29,True,ООО «Логистик Плюс»,ООО «Логистик Плюс»,True,ООО «Деловые линии Сибири»,ООО «Деловые линии Сибири»,True,1750000,1750000,True,True
contract_17.docx,117/26,117/26,True,2026-07-10,2026-07-10,True,ООО «РегионСтрой»,ООО «РегионСтрой»,True,ООО «СтройКомплект»,ООО «СтройКомплект»,True,2040300,2040300,True,True
contract_18.pdf,УС-2026-018,УС-2026-018,True,2026-07-21,2026-07-21,True,АО «Промресурс»,АО «Промресурс»,True,ООО «Контур»,ООО «Контур»,True,2350000,2350000,True,True
contract_19.docx,П-19.08,П-19.08,True,2026-08-01,2026-08-01,True,ООО «Континент»,ООО «Континент»,True,ООО «МастерГрупп»,ООО «МастерГрупп»,True,2780900,2780900,True,True
contract_20.pdf,519-А,519-А,True,2026-08-12,2026-08-12,True,ООО «Северный проект»,ООО «Северный проект»,True,ООО «ИнфоПроект»,ООО «ИнфоПроект»,True,3120000,3120000,True,True
contract_21.docx,ТР-2026/001,,False,2026-08-03,,False,ООО «ТрансСиб Экспресс»,,False,ООО «Клиника Плюс»,,False,42500,42500,True,False
contract_22.pdf,22-КП,,False,2026-08-06,,False,АО «Облачные платформы»,,False,ООО «Аудит-Партнёр»,,False,67800,,False,False
contract_23.docx,SLA.09-8,SLA.09-8,True,2026-08-09,,False,ООО «Белый кедр»,,False,ООО «Агентство Север»,,False,89990,,False,False
contract_24.pdf,REG/0826/43,,False,2026-08-12,2026-08-12,True,ООО «МедПрофи»,,False,АО «ЭнергоСбыт Проект»,АО «ЭнергоСбыт Проект»,True,103400,,False,False
contract_25.docx,ЛЦ-Д-105,,False,2026-08-15,2026-08-15,True,АО «ЭнергоКонтур»,,False,ООО «ЭкоТранс»,,False,134750,,False,False
contract_26.pdf,ТР-2026/006,,False,2026-08-18,,False,ООО «Академия роста»,,False,ООО «СофтЛицензия»,,False,156000,156000,True,False
contract_27.docx,27-КП,,False,2026-08-21,,False,ООО «Чистый офис»,,False,ИП Смирнова Елена Олеговна,,False,199900,,False,False
contract_28.pdf,SLA.14-8,,False,2026-08-24,,False,АО «Северная верфь»,,False,ООО «Хранитель»,,False,227350,227350,True,False
contract_29.docx,REG/0826/48,REG/0826/48,True,2026-08-27,2026-08-27,True,ООО «Городской фестиваль»,,False,ИП Белова Дарья Игоревна,,False,264000,,False,False
contract_30.pdf,ЛЦ-Й-110,,False,2026-08-30,2026-08-30,True,ООО «Мебельный квартал»,,False,ООО «КлинСервис»,,False,298700,,False,False
contract_31.docx,ТР-2026/011,,False,2026-09-02,,False,АО «ФинЭксперт»,,False,ООО «Реклама Онлайн»,,False,345000,345000,True,False
contract_32.pdf,32-КП,,False,2026-09-05,,False,ООО «Зелёный маршрут»,,False,ООО «КаргоЛайн»,,False,389500,,False,False
contract_33.docx,SLA.19-9,SLA.19-9,True,2026-09-08,,False,ООО «Склад 54»,,False,ООО «РемТехСнаб»,,False,444444,,False,False
contract_34.pdf,REG/0926/53,,False,2026-09-11,2026-09-11,True,АО «Медиа Сфера»,,False,ИП Козлов Денис Сергеевич,ИП Козлов Денис Сергеевич,True,512000,,False,False
contract_35.docx,ЛЦ-В-115,,False,2026-09-14,2026-09-14,True,ООО «Точная механика»,ООО «Точная механика»; Исполнитель: ООО «Кодовая мастерская». После согласования условий документу присвоен № ЛЦ-В-115,False,ООО «Кодовая мастерская»,,False,578900,,False,False
contract_36.pdf,ТР-2026/016,,False,2026-09-17,,False,ИП Орлова Мария Андреевна,,False,ИП Фёдоров Кирилл Максимович,,False,640000,640000,True,False
contract_37.docx,37-КП,,False,2026-09-20,,False,ИП Никитин Павел Романович,,False,ООО «ФотоЦех»,,False,715250,,False,False
contract_38.pdf,SLA.24-9,,False,2026-09-23,,False,ООО «Восток Девелопмент»,,False,ИП Волков Артём Ильич,,False,799990,799990,True,False
contract_39.docx,REG/0926/58,REG/0926/58,True,2026-09-26,2026-09-26,True,АО «Цифровая лаборатория»,,False,ООО «Интерьер Комплект»,,False,875000,,False,False
contract_40.pdf,ЛЦ-З-120,,False,2026-09-29,2026-09-29,True,ООО «АртЛиния»,,False,АО «Секьюрити Групп»,АО «Секьюрити Групп»,True,930600,,False,False
contract_41.docx,ТР-2026/021,,False,2026-10-02,,False,ООО «ТрансСиб Экспресс»,,False,ООО «Клиника Плюс»,,False,1015000,1015000,True,False
contract_42.pdf,42-КП,,False,2026-10-05,,False,АО «Облачные платформы»,,False,ООО «Аудит-Партнёр»,,False,1190300,,False,False
contract_43.docx,SLA.29-10,SLA.29-10,True,2026-10-08,,False,ООО «Белый кедр»,,False,ООО «Агентство Север»,,False,1325000,,False,False
contract_44.pdf,REG/1026/63,,False,2026-10-11,2026-10-11,True,ООО «МедПрофи»,,False,АО «ЭнергоСбыт Проект»,АО «ЭнергоСбыт Проект»,True,1499900,,False,False
contract_45.docx,ЛЦ-А-125,,False,2026-10-14,2026-10-14,True,АО «ЭнергоКонтур»,,False,ООО «ЭкоТранс»,,False,1680000,,False,False
contract_46.pdf,ТР-2026/026,,False,2026-10-17,,False,ООО «Академия роста»,,False,ООО «СофтЛицензия»,,False,1890750,1890750,True,False
contract_47.docx,47-КП,,False,2026-10-20,,False,ООО «Чистый офис»,,False,ИП Смирнова Елена Олеговна,,False,2115000,,False,False
contract_48.pdf,SLA.34-10,,False,2026-10-23,,False,АО «Северная верфь»,,False,ООО «Хранитель»,,False,2460800,2460800,True,False
contract_49.docx,REG/1026/68,REG/1026/68,True,2026-10-26,2026-10-26,True,ООО «Городской фестиваль»,,False,ИП Белова Дарья Игоревна,,False,2950000,,False,False
contract_50.pdf,ЛЦ-Е-130,,False,2026-10-29,2026-10-29,True,ООО «Мебельный квартал»,,False,ООО «КлинСервис»,,False,3480500,,False,False
contract_51.docx,ТР-2026/031,,False,2026-11-01,,False,АО «ФинЭксперт»,,False,ООО «Реклама Онлайн»,,False,3970000,3970000,True,False
contract_52.pdf,52-КП,,False,2026-11-04,,False,ООО «Зелёный маршрут»,,False,ООО «КаргоЛайн»,,False,4250300,,False,False
contract_53.docx,SLA.39-11,SLA.39-11,True,2026-11-07,,False,ООО «Склад 54»,,False,ООО «РемТехСнаб»,,False,4890000,,False,False
contract_54.pdf,REG/1126/73,,False,2026-11-10,2026-11-10,True,АО «Медиа Сфера»,,False,ИП Козлов Денис Сергеевич,ИП Козлов Денис Сергеевич,True,5400000,,False,False
contract_55.docx,ЛЦ-К-135,,False,2026-11-13,2026-11-13,True,ООО «Точная механика»,,False,ООО «Кодовая мастерская»,,False,6150750,,False,False
contract_56.pdf,ТР-2026/036,,False,2026-11-16,,False,ИП Орлова Мария Андреевна,,False,ИП Фёдоров Кирилл Максимович,,False,7200000,7200000,True,False
contract_57.docx,57-КП,,False,2026-11-19,,False,ИП Никитин Павел Романович,,False,ООО «ФотоЦех»,,False,8450000,,False,False
contract_58.pdf,SLA.44-11,,False,2026-11-22,,False,ООО «Восток Девелопмент»,,False,ИП Волков Артём Ильич,,False,9990000,9990000,True,False
contract_59.docx,REG/1126/78,REG/1126/78,True,2026-11-25,2026-11-25,True,АО «Цифровая лаборатория»,,False,ООО «Интерьер Комплект»,,False,11500000,,False,False
contract_60.pdf,ЛЦ-Г-140,,False,2026-11-28,2026-11-28,True,ООО «АртЛиния»,,False,АО «Секьюрити Групп»,АО «Секьюрити Групп»,True,13750000,,False,False
contract_61.docx,ТР-2026/041,,False,2026-12-01,,False,ООО «ТрансСиб Экспресс»,,False,ООО «Клиника Плюс»,,False,15200000,15200000,True,False
contract_62.pdf,62-КП,,False,2026-12-04,,False,АО «Облачные платформы»,,False,ООО «Аудит-Партнёр»,,False,18900000,,False,False
contract_63.docx,SLA.49-12,SLA.49-12,True,2026-12-07,,False,ООО «Белый кедр»,,False,ООО «Агентство Север»,,False,21400000,,False,False
contract_64.pdf,REG/1226/83,,False,2026-12-10,2026-12-10,True,ООО «МедПрофи»,,False,АО «ЭнергоСбыт Проект»,АО «ЭнергоСбыт Проект»,True,25000000,,False,False
contract_65.docx,ЛЦ-И-145,,False,2026-12-13,2026-12-13,True,АО «ЭнергоКонтур»,АО «ЭнергоКонтур»; Исполнитель: ООО «ЭкоТранс». После согласования условий документу присвоен № ЛЦ-И-145,False,ООО «ЭкоТранс»,,False,29500000,,False,False
contract_66.pdf,ТР-2026/046,,False,2026-12-16,,False,ООО «Академия роста»,,False,ООО «СофтЛицензия»,,False,34800000,34800000,True,False
contract_67.docx,67-КП,,False,2026-12-19,,False,ООО «Чистый офис»,,False,ИП Смирнова Елена Олеговна,,False,41000000,,False,False
contract_68.pdf,SLA.54-12,,False,2026-12-22,,False,АО «Северная верфь»,,False,ООО «Хранитель»,,False,47650000,47650000,True,False
contract_69.docx,REG/1226/88,REG/1226/88,True,2026-12-25,2026-12-25,True,ООО «Городской фестиваль»,,False,ИП Белова Дарья Игоревна,,False,55000000,,False,False
contract_70.pdf,ЛЦ-Б-150,,False,2026-12-28,2026-12-28,True,ООО «Мебельный квартал»,,False,ООО «КлинСервис»,,False,63300000,,False,False
contract_71.docx,ТР-2026/051,,False,2026-12-31,,False,АО «ФинЭксперт»,,False,ООО «Реклама Онлайн»,,False,72000000,72000000,True,False
contract_72.pdf,72-КП,,False,2027-01-03,,False,ООО «Зелёный маршрут»,,False,ООО «КаргоЛайн»,,False,81500000,,False,False
contract_73.docx,SLA.59-1,SLA.59-1,True,2027-01-06,,False,ООО «Склад 54»,,False,ООО «РемТехСнаб»,,False,94000000,,False,False
contract_74.pdf,REG/0127/93,,False,2027-01-09,2027-01-09,True,АО «Медиа Сфера»,,False,ИП Козлов Денис Сергеевич,ИП Козлов Денис Сергеевич,True,108750000,,False,False
contract_75.docx,ЛЦ-Ж-155,,False,2027-01-12,2027-01-12,True,ООО «Точная механика»,,False,ООО «Кодовая мастерская»,,False,125000000,,False,False
contract_76.pdf,ТР-2027/056,,False,2027-01-15,,False,ИП Орлова Мария Андреевна,,False,ИП Фёдоров Кирилл Максимович,,False,146300000,146300000,True,False
contract_77.docx,77-КП,,False,2027-01-18,,False,ИП Никитин Павел Романович,,False,ООО «ФотоЦех»,,False,172000000,,False,False
contract_78.pdf,SLA.64-1,,False,2027-01-21,,False,ООО «Восток Девелопмент»,,False,ИП Волков Артём Ильич,,False,205500000,205500000,True,False
contract_79.docx,REG/0127/98,REG/0127/98,True,2027-01-24,2027-01-24,True,АО «Цифровая лаборатория»,,False,ООО «Интерьер Комплект»,,False,248000000,,False,False
contract_80.pdf,ЛЦ-Л-160,,False,2027-01-27,2027-01-27,True,ООО «АртЛиния»,,False,АО «Секьюрити Групп»,АО «Секьюрити Групп»,True,310000000,,False,False
