document_id,filename,file_format,contract_type,contract_number,contract_date,customer,contractor,amount_rub,template_variant,difficulty,field_locations,is_synthetic
DOC-001,contract_01.docx,DOCX,Договор оказания услуг,101/26,2026-01-15,ООО «Сибирские решения»,ИП Иванов Иван Иванович,75000,T1,easy,базовый шаблон версии 1,true
DOC-002,contract_02.pdf,PDF,Договор поставки,УС-2026-002,2026-01-26,АО «Вектор»,ИП Петрова Анна Сергеевна,98500,T2,medium,базовый шаблон версии 1,true
DOC-003,contract_03.docx,DOCX,Договор подряда,П-03.02,2026-02-06,ООО «Альфа-Трейд»,ИП Соколов Максим Олегович,120000,T3,medium,базовый шаблон версии 1,true
DOC-004,contract_04.pdf,PDF,Договор аренды,503-А,2026-02-17,ООО «Новые технологии»,ООО «ТехноСервис»,145300,T4,hard,базовый шаблон версии 1,true
DOC-005,contract_05.docx,DOCX,Договор технического обслуживания,105/26,2026-02-28,АО «Городские системы»,ООО «ПрофКонсалт»,180000,T1,easy,базовый шаблон версии 1,true
DOC-006,contract_06.pdf,PDF,Договор оказания услуг,УС-2026-006,2026-03-11,ООО «Логистик Плюс»,ООО «Деловые линии Сибири»,215750,T2,medium,базовый шаблон версии 1,true
DOC-007,contract_07.docx,DOCX,Договор поставки,П-07.03,2026-03-22,ООО «РегионСтрой»,ООО «СтройКомплект»,248500,T3,medium,базовый шаблон версии 1,true
DOC-008,contract_08.pdf,PDF,Договор подряда,507-А,2026-04-02,АО «Промресурс»,ООО «Контур»,310000,T4,hard,базовый шаблон версии 1,true
DOC-009,contract_09.docx,DOCX,Договор аренды,109/26,2026-04-13,ООО «Континент»,ООО «МастерГрупп»,425600,T1,easy,базовый шаблон версии 1,true
DOC-010,contract_10.pdf,PDF,Договор технического обслуживания,УС-2026-010,2026-04-24,ООО «Северный проект»,ООО «ИнфоПроект»,590000,T2,medium,базовый шаблон версии 1,true
DOC-011,contract_11.docx,DOCX,Договор оказания услуг,П-11.05,2026-05-05,ООО «Сибирские решения»,ИП Иванов Иван Иванович,675250,T3,medium,базовый шаблон версии 1,true
DOC-012,contract_12.pdf,PDF,Договор поставки,511-А,2026-05-16,АО «Вектор»,ИП Петрова Анна Сергеевна,810000,T4,hard,базовый шаблон версии 1,true
DOC-013,contract_13.docx,DOCX,Договор подряда,113/26,2026-05-27,ООО «Альфа-Трейд»,ИП Соколов Максим Олегович,950400,T1,easy,базовый шаблон версии 1,true
DOC-014,contract_14.pdf,PDF,Договор аренды,УС-2026-014,2026-06-07,ООО «Новые технологии»,ООО «ТехноСервис»,1125000,T2,medium,базовый шаблон версии 1,true
DOC-015,contract_15.docx,DOCX,Договор технического обслуживания,П-15.06,2026-06-18,АО «Городские системы»,ООО «ПрофКонсалт»,1480500,T3,medium,базовый шаблон версии 1,true
DOC-016,contract_16.pdf,PDF,Договор оказания услуг,515-А,2026-06-29,ООО «Логистик Плюс»,ООО «Деловые линии Сибири»,1750000,T4,hard,базовый шаблон версии 1,true
DOC-017,contract_17.docx,DOCX,Договор поставки,117/26,2026-07-10,ООО «РегионСтрой»,ООО «СтройКомплект»,2040300,T1,easy,базовый шаблон версии 1,true
DOC-018,contract_18.pdf,PDF,Договор подряда,УС-2026-018,2026-07-21,АО «Промресурс»,ООО «Контур»,2350000,T2,medium,базовый шаблон версии 1,true
DOC-019,contract_19.docx,DOCX,Договор аренды,П-19.08,2026-08-01,ООО «Континент»,ООО «МастерГрупп»,2780900,T3,medium,базовый шаблон версии 1,true
DOC-020,contract_20.pdf,PDF,Договор технического обслуживания,519-А,2026-08-12,ООО «Северный проект»,ООО «ИнфоПроект»,3120000,T4,hard,базовый шаблон версии 1,true
DOC-021,contract_21.docx,DOCX,Договор перевозки груза,ТР-2026/001,2026-08-03,ООО «ТрансСиб Экспресс»,ООО «Клиника Плюс»,42500,T5,medium,номер и дата в правом верхнем блоке; стороны в преамбуле; сумма в разделе 4,true
DOC-022,contract_22.pdf,PDF,Договор разработки программного обеспечения,22-КП,2026-08-06,АО «Облачные платформы»,ООО «Аудит-Партнёр»,67800,T6,hard,все поля в карточке договора на первой странице,true
DOC-023,contract_23.docx,DOCX,Договор хранения,SLA.09-8,2026-08-09,ООО «Белый кедр»,ООО «Агентство Север»,89990,T7,hard,номер в заголовке; дата в строке города; стороны в реквизитах; сумма в приложении,true
DOC-024,contract_24.pdf,PDF,Договор на проведение медицинских осмотров,REG/0826/43,2026-08-12,ООО «МедПрофи»,АО «ЭнергоСбыт Проект»,103400,T8,very_hard,сумма до предмета; номер и дата в регистрационных данных в конце,true
DOC-025,contract_25.docx,DOCX,Договор энергоснабжения,ЛЦ-Д-105,2026-08-15,АО «ЭнергоКонтур»,ООО «ЭкоТранс»,134750,T9,medium,номер и стороны в преамбуле; дата в заголовке; сумма в графике платежей,true
DOC-026,contract_26.pdf,PDF,Договор оказания образовательных услуг,ТР-2026/006,2026-08-18,ООО «Академия роста»,ООО «СофтЛицензия»,156000,T10,hard,номер и дата в таблице; стороны в разделе 6; сумма в основном тексте,true
DOC-027,contract_27.docx,DOCX,Договор клинингового обслуживания,27-КП,2026-08-21,ООО «Чистый офис»,ИП Смирнова Елена Олеговна,199900,T11,hard,дата в словесной форме; номер после преамбулы; стороны в подписях; сумма в спецификации,true
DOC-028,contract_28.pdf,PDF,Договор ремонта оборудования,SLA.14-8,2026-08-24,АО «Северная верфь»,ООО «Хранитель»,227350,T12,very_hard,"поля распределены между шапкой, вводным абзацем и последней страницей",true
DOC-029,contract_29.docx,DOCX,Договор организации мероприятия,REG/0826/48,2026-08-27,ООО «Городской фестиваль»,ИП Белова Дарья Игоревна,264000,T13,medium,сумма в коммерческих условиях; стороны обозначены отраслевыми ролями,true
DOC-030,contract_30.pdf,PDF,Договор поставки мебели,ЛЦ-Й-110,2026-08-30,ООО «Мебельный квартал»,ООО «КлинСервис»,298700,T14,hard,номер в колонтитульном стиле; дата и стороны ближе к концу документа,true
DOC-031,contract_31.docx,DOCX,Договор аудиторских услуг,ТР-2026/011,2026-09-02,АО «ФинЭксперт»,ООО «Реклама Онлайн»,345000,T5,hard,номер и дата в правом верхнем блоке; стороны в преамбуле; сумма в разделе 4,true
DOC-032,contract_32.pdf,PDF,Договор вывоза отходов,32-КП,2026-09-05,ООО «Зелёный маршрут»,ООО «КаргоЛайн»,389500,T6,very_hard,все поля в карточке договора на первой странице,true
DOC-033,contract_33.docx,DOCX,Договор складского хранения,SLA.19-9,2026-09-08,ООО «Склад 54»,ООО «РемТехСнаб»,444444,T7,medium,номер в заголовке; дата в строке города; стороны в реквизитах; сумма в приложении,true
DOC-034,contract_34.pdf,PDF,Договор рекламных услуг,REG/0926/53,2026-09-11,АО «Медиа Сфера»,ИП Козлов Денис Сергеевич,512000,T8,hard,сумма до предмета; номер и дата в регистрационных данных в конце,true
DOC-035,contract_35.docx,DOCX,Договор технической поддержки,ЛЦ-В-115,2026-09-14,ООО «Точная механика»,ООО «Кодовая мастерская»,578900,T9,hard,номер и стороны в преамбуле; дата в заголовке; сумма в графике платежей,true
DOC-036,contract_36.pdf,PDF,Договор фотосъёмки,ТР-2026/016,2026-09-17,ИП Орлова Мария Андреевна,ИП Фёдоров Кирилл Максимович,640000,T10,very_hard,номер и дата в таблице; стороны в разделе 6; сумма в основном тексте,true
DOC-037,contract_37.docx,DOCX,Договор охранных услуг,37-КП,2026-09-20,ИП Никитин Павел Романович,ООО «ФотоЦех»,715250,T11,medium,дата в словесной форме; номер после преамбулы; стороны в подписях; сумма в спецификации,true
DOC-038,contract_38.pdf,PDF,Агентский договор,SLA.24-9,2026-09-23,ООО «Восток Девелопмент»,ИП Волков Артём Ильич,799990,T12,hard,"поля распределены между шапкой, вводным абзацем и последней страницей",true
DOC-039,contract_39.docx,DOCX,Лицензионный договор,REG/0926/58,2026-09-26,АО «Цифровая лаборатория»,ООО «Интерьер Комплект»,875000,T13,hard,сумма в коммерческих условиях; стороны обозначены отраслевыми ролями,true
DOC-040,contract_40.pdf,PDF,Договор дизайнерских услуг,ЛЦ-З-120,2026-09-29,ООО «АртЛиния»,АО «Секьюрити Групп»,930600,T14,very_hard,номер в колонтитульном стиле; дата и стороны ближе к концу документа,true
DOC-041,contract_41.docx,DOCX,Договор аренды оборудования,ТР-2026/021,2026-10-02,ООО «ТрансСиб Экспресс»,ООО «Клиника Плюс»,1015000,T5,medium,номер и дата в правом верхнем блоке; стороны в преамбуле; сумма в разделе 4,true
DOC-042,contract_42.pdf,PDF,Договор бухгалтерского сопровождения,42-КП,2026-10-05,АО «Облачные платформы»,ООО «Аудит-Партнёр»,1190300,T6,hard,все поля в карточке договора на первой странице,true
DOC-043,contract_43.docx,DOCX,Договор доставки,SLA.29-10,2026-10-08,ООО «Белый кедр»,ООО «Агентство Север»,1325000,T7,hard,номер в заголовке; дата в строке города; стороны в реквизитах; сумма в приложении,true
DOC-044,contract_44.pdf,PDF,Договор страхования имущества,REG/1026/63,2026-10-11,ООО «МедПрофи»,АО «ЭнергоСбыт Проект»,1499900,T8,very_hard,сумма до предмета; номер и дата в регистрационных данных в конце,true
DOC-045,contract_45.docx,DOCX,Договор займа,ЛЦ-А-125,2026-10-14,АО «ЭнергоКонтур»,ООО «ЭкоТранс»,1680000,T9,medium,номер и стороны в преамбуле; дата в заголовке; сумма в графике платежей,true
DOC-046,contract_46.pdf,PDF,Договор на монтаж видеонаблюдения,ТР-2026/026,2026-10-17,ООО «Академия роста»,ООО «СофтЛицензия»,1890750,T10,hard,номер и дата в таблице; стороны в разделе 6; сумма в основном тексте,true
DOC-047,contract_47.docx,DOCX,Договор аренды транспортного средства,47-КП,2026-10-20,ООО «Чистый офис»,ИП Смирнова Елена Олеговна,2115000,T11,hard,дата в словесной форме; номер после преамбулы; стороны в подписях; сумма в спецификации,true
DOC-048,contract_48.pdf,PDF,Договор сопровождения сайта,SLA.34-10,2026-10-23,АО «Северная верфь»,ООО «Хранитель»,2460800,T12,very_hard,"поля распределены между шапкой, вводным абзацем и последней страницей",true
DOC-049,contract_49.docx,DOCX,Договор поставки продуктов питания,REG/1026/68,2026-10-26,ООО «Городской фестиваль»,ИП Белова Дарья Игоревна,2950000,T13,medium,сумма в коммерческих условиях; стороны обозначены отраслевыми ролями,true
DOC-050,contract_50.pdf,PDF,Договор лабораторных исследований,ЛЦ-Е-130,2026-10-29,ООО «Мебельный квартал»,ООО «КлинСервис»,3480500,T14,hard,номер в колонтитульном стиле; дата и стороны ближе к концу документа,true
DOC-051,contract_51.docx,DOCX,Договор перевозки груза,ТР-2026/031,2026-11-01,АО «ФинЭксперт»,ООО «Реклама Онлайн»,3970000,T5,hard,номер и дата в правом верхнем блоке; стороны в преамбуле; сумма в разделе 4,true
DOC-052,contract_52.pdf,PDF,Договор разработки программного обеспечения,52-КП,2026-11-04,ООО «Зелёный маршрут»,ООО «КаргоЛайн»,4250300,T6,very_hard,все поля в карточке договора на первой странице,true
DOC-053,contract_53.docx,DOCX,Договор хранения,SLA.39-11,2026-11-07,ООО «Склад 54»,ООО «РемТехСнаб»,4890000,T7,medium,номер в заголовке; дата в строке города; стороны в реквизитах; сумма в приложении,true
DOC-054,contract_54.pdf,PDF,Договор на проведение медицинских осмотров,REG/1126/73,2026-11-10,АО «Медиа Сфера»,ИП Козлов Денис Сергеевич,5400000,T8,hard,сумма до предмета; номер и дата в регистрационных данных в конце,true
DOC-055,contract_55.docx,DOCX,Договор энергоснабжения,ЛЦ-К-135,2026-11-13,ООО «Точная механика»,ООО «Кодовая мастерская»,6150750,T9,hard,номер и стороны в преамбуле; дата в заголовке; сумма в графике платежей,true
DOC-056,contract_56.pdf,PDF,Договор оказания образовательных услуг,ТР-2026/036,2026-11-16,ИП Орлова Мария Андреевна,ИП Фёдоров Кирилл Максимович,7200000,T10,very_hard,номер и дата в таблице; стороны в разделе 6; сумма в основном тексте,true
DOC-057,contract_57.docx,DOCX,Договор клинингового обслуживания,57-КП,2026-11-19,ИП Никитин Павел Романович,ООО «ФотоЦех»,8450000,T11,medium,дата в словесной форме; номер после преамбулы; стороны в подписях; сумма в спецификации,true
DOC-058,contract_58.pdf,PDF,Договор ремонта оборудования,SLA.44-11,2026-11-22,ООО «Восток Девелопмент»,ИП Волков Артём Ильич,9990000,T12,hard,"поля распределены между шапкой, вводным абзацем и последней страницей",true
DOC-059,contract_59.docx,DOCX,Договор организации мероприятия,REG/1126/78,2026-11-25,АО «Цифровая лаборатория»,ООО «Интерьер Комплект»,11500000,T13,hard,сумма в коммерческих условиях; стороны обозначены отраслевыми ролями,true
DOC-060,contract_60.pdf,PDF,Договор поставки мебели,ЛЦ-Г-140,2026-11-28,ООО «АртЛиния»,АО «Секьюрити Групп»,13750000,T14,very_hard,номер в колонтитульном стиле; дата и стороны ближе к концу документа,true
DOC-061,contract_61.docx,DOCX,Договор аудиторских услуг,ТР-2026/041,2026-12-01,ООО «ТрансСиб Экспресс»,ООО «Клиника Плюс»,15200000,T5,medium,номер и дата в правом верхнем блоке; стороны в преамбуле; сумма в разделе 4,true
DOC-062,contract_62.pdf,PDF,Договор вывоза отходов,62-КП,2026-12-04,АО «Облачные платформы»,ООО «Аудит-Партнёр»,18900000,T6,hard,все поля в карточке договора на первой странице,true
DOC-063,contract_63.docx,DOCX,Договор складского хранения,SLA.49-12,2026-12-07,ООО «Белый кедр»,ООО «Агентство Север»,21400000,T7,hard,номер в заголовке; дата в строке города; стороны в реквизитах; сумма в приложении,true
DOC-064,contract_64.pdf,PDF,Договор рекламных услуг,REG/1226/83,2026-12-10,ООО «МедПрофи»,АО «ЭнергоСбыт Проект»,25000000,T8,very_hard,сумма до предмета; номер и дата в регистрационных данных в конце,true
DOC-065,contract_65.docx,DOCX,Договор технической поддержки,ЛЦ-И-145,2026-12-13,АО «ЭнергоКонтур»,ООО «ЭкоТранс»,29500000,T9,medium,номер и стороны в преамбуле; дата в заголовке; сумма в графике платежей,true
DOC-066,contract_66.pdf,PDF,Договор фотосъёмки,ТР-2026/046,2026-12-16,ООО «Академия роста»,ООО «СофтЛицензия»,34800000,T10,hard,номер и дата в таблице; стороны в разделе 6; сумма в основном тексте,true
DOC-067,contract_67.docx,DOCX,Договор охранных услуг,67-КП,2026-12-19,ООО «Чистый офис»,ИП Смирнова Елена Олеговна,41000000,T11,hard,дата в словесной форме; номер после преамбулы; стороны в подписях; сумма в спецификации,true
DOC-068,contract_68.pdf,PDF,Агентский договор,SLA.54-12,2026-12-22,АО «Северная верфь»,ООО «Хранитель»,47650000,T12,very_hard,"поля распределены между шапкой, вводным абзацем и последней страницей",true
DOC-069,contract_69.docx,DOCX,Лицензионный договор,REG/1226/88,2026-12-25,ООО «Городской фестиваль»,ИП Белова Дарья Игоревна,55000000,T13,medium,сумма в коммерческих условиях; стороны обозначены отраслевыми ролями,true
DOC-070,contract_70.pdf,PDF,Договор дизайнерских услуг,ЛЦ-Б-150,2026-12-28,ООО «Мебельный квартал»,ООО «КлинСервис»,63300000,T14,hard,номер в колонтитульном стиле; дата и стороны ближе к концу документа,true
DOC-071,contract_71.docx,DOCX,Договор аренды оборудования,ТР-2026/051,2026-12-31,АО «ФинЭксперт»,ООО «Реклама Онлайн»,72000000,T5,hard,номер и дата в правом верхнем блоке; стороны в преамбуле; сумма в разделе 4,true
DOC-072,contract_72.pdf,PDF,Договор бухгалтерского сопровождения,72-КП,2027-01-03,ООО «Зелёный маршрут»,ООО «КаргоЛайн»,81500000,T6,very_hard,все поля в карточке договора на первой странице,true
DOC-073,contract_73.docx,DOCX,Договор доставки,SLA.59-1,2027-01-06,ООО «Склад 54»,ООО «РемТехСнаб»,94000000,T7,medium,номер в заголовке; дата в строке города; стороны в реквизитах; сумма в приложении,true
DOC-074,contract_74.pdf,PDF,Договор страхования имущества,REG/0127/93,2027-01-09,АО «Медиа Сфера»,ИП Козлов Денис Сергеевич,108750000,T8,hard,сумма до предмета; номер и дата в регистрационных данных в конце,true
DOC-075,contract_75.docx,DOCX,Договор займа,ЛЦ-Ж-155,2027-01-12,ООО «Точная механика»,ООО «Кодовая мастерская»,125000000,T9,hard,номер и стороны в преамбуле; дата в заголовке; сумма в графике платежей,true
DOC-076,contract_76.pdf,PDF,Договор на монтаж видеонаблюдения,ТР-2027/056,2027-01-15,ИП Орлова Мария Андреевна,ИП Фёдоров Кирилл Максимович,146300000,T10,very_hard,номер и дата в таблице; стороны в разделе 6; сумма в основном тексте,true
DOC-077,contract_77.docx,DOCX,Договор аренды транспортного средства,77-КП,2027-01-18,ИП Никитин Павел Романович,ООО «ФотоЦех»,172000000,T11,medium,дата в словесной форме; номер после преамбулы; стороны в подписях; сумма в спецификации,true
DOC-078,contract_78.pdf,PDF,Договор сопровождения сайта,SLA.64-1,2027-01-21,ООО «Восток Девелопмент»,ИП Волков Артём Ильич,205500000,T12,hard,"поля распределены между шапкой, вводным абзацем и последней страницей",true
DOC-079,contract_79.docx,DOCX,Договор поставки продуктов питания,REG/0127/98,2027-01-24,АО «Цифровая лаборатория»,ООО «Интерьер Комплект»,248000000,T13,hard,сумма в коммерческих условиях; стороны обозначены отраслевыми ролями,true
DOC-080,contract_80.pdf,PDF,Договор лабораторных исследований,ЛЦ-Л-160,2027-01-27,ООО «АртЛиния»,АО «Секьюрити Групп»,310000000,T14,very_hard,номер в колонтитульном стиле; дата и стороны ближе к концу документа,true
